<scene version="0.5.0">
  <integrator type="path">
    <integer name="maxDepth" value="65"/>
  </integrator>
  <sensor type="perspective">
    <float name="fov" value="35.7587413333"/>
    <transform name="toWorld">
      <matrix value="-0.005509491603289583 -0.34214380315592907 -0.9396317278736928 23.895058192628504 1.0781956843978252e-05 0.9396453204008237 -0.34214927784867927 11.220711571263605 0.9999845492489067 -0.0018910297939854776 -0.005193347289629014 0.040077476188145195 -0.0 0.0 0.0 1.0 "/>
    </transform>
    <sampler type="sobol">
      <integer name="sampleCount" value="4096"/>
    </sampler>
    <film type="ldrfilm">
      <string name="fileFormat" value="png"/>
      <integer name="height" value="720"/>
      <integer name="width" value="1280"/>
      <string name="pixelFormat" value="rgb"/>
      <float name="gamma" value="2.2"/>
      <boolean name="banner" value="false"/>
      <rfilter type="tent"/>
    </film>
  </sensor>
  <bsdf id="Mat" type="twosided">
    <bsdf type="plastic">
      <rgb name="diffuseReflectance" value="0.9, 0.9, 0.9"/>
    </bsdf>
  </bsdf>
  <bsdf id="Floor" type="twosided">
    <bsdf type="diffuse">
      <texture name="reflectance" type="checkerboard">
        <float name="uscale" value="10.0"/>
        <rgb name="color1" value="0.325, 0.31, 0.25"/>
        <float name="vscale" value="10.0"/>
        <rgb name="color0" value="0.725, 0.71, 0.68"/>
      </texture>
    </bsdf>
  </bsdf>
  <shape type="rectangle">
    <transform name="toWorld">
      <matrix value="-39.97665000000001 39.97665 -0.01 -3.552713678800501e-15 4.94249e-06 4.94249e-06 -0.01 -1.2705494208814505e-21 -39.97665 -39.97665 -0.01 7.105427357601002e-15 5.551115123125783e-17 0.0 0.0 1.0 "/>
    </transform>
    <ref id="Floor"/>
  </shape>
  <shape type="obj">
    <string name="filename" value="models_m/Mesh001.obj"/>
    <transform name="toWorld">
      <matrix value="1 0 0 0 0 1 0 0 0 0 1 0 0 0 0 1"/>
    </transform>
    <ref id="Mat"/>
  </shape>
  <shape type="obj">
    <string name="filename" value="models_m/Mesh000.obj"/>
    <transform name="toWorld">
      <matrix value="1 0 0 0 0 1 0 0 0 0 1 0 0 0 0 1"/>
    </transform>
    <ref id="Mat"/>
  </shape>
  <emitter type="envmap">
    <transform name="toWorld">
      <matrix value="-0.922278 0 0.386527 0 0 1 0 0 -0.386527 0 -0.922278 1.17369 0 0 0 1"/>
    </transform>
    <string name="filename" value="textures_m/envmap.hdr"/>
  </emitter>
</scene>
